{"train_losses": [34.57285040283203, 33.431253898620604, 33.15716369628906, 33.1096741027832], "val_accuracies": [0.43375, 0.44125, 0.4475, 0.45375]}