{"train_losses": [1.004293223977089, 0.8876564435958862, 0.8160317190885544, 0.7596800861954689, 0.7475672289729118, 0.6713851260542869, 0.6604735290706157, 0.6147695943713188, 0.6391394858956337, 0.6211008650660514, 0.5910616418421268, 0.540670919150114, 0.5166820750236512, 0.5590506162941455, 0.44796509604156015, 0.3974383270740509, 0.3795946466252208, 0.42073654881864786, 0.5941401151418686, 0.33848713940382, 0.32844621676206587, 0.3463540057465434, 0.3449301014840603, 0.3101368881687522, 0.24903114172443747, 0.33852587746083734, 0.25439057848230007, 0.23683489741757513, 0.1969554760530591, 0.19961651615332812, 0.18572098538978024, 0.33810441409423947, 0.20994305734243243, 0.1318559688506648, 0.1654937759125605, 0.11554361495282502, 0.1633059799745679, 0.23529539881180972, 0.2209099430255592, 0.1610226797191426, 0.14173834361555054, 0.10756910180626438, 0.2762821723139496, 0.22806946956086904, 0.15533047233731487, 0.0831844083420001, 0.08639861888345331, 0.09642794377484824, 0.08626697341026739, 0.03486340207443572, 0.14629526698152767, 0.04358352973702131, 0.21581715918146074, 0.1356704405446071, 0.11811796683282591, 0.13487356750434265, 0.07915426585078239, 0.07187132218922489, 0.12644722838036251, 0.05924447825620882, 0.13228148530598263, 0.07035570973460563, 0.031180962450482182, 0.02173258164143772, 0.02927359306148719, 0.09662084432976553, 0.15767408666515256, 0.07270342997851549, 0.07770518604072277, 0.054275932708347685, 0.0402085312846757, 0.015331175233761315, 0.013962402486795327, 0.007270699971901194, 0.036453279788671356, 0.007287498103331018, 0.005290909030583862, 0.004790971133588755, 0.0044266679290522, 0.004728795554889075, 0.004055555462902703, 0.003842569584685407, 0.003705331971650594, 0.0036545644050565897, 0.0034546636129052784, 0.003332793126362958, 0.003231371506866708, 0.003134818763748626, 0.0030436987771208807, 0.0029600496963348632, 0.002881140464636701, 0.002811316850995354, 0.0027315523259348992, 0.002713541550732771, 0.0026302959376976105, 0.002538962724556768, 0.0024716854967737163, 0.0024119951239408694, 0.002353506428142282, 0.0022985910204715767], "val_accuracies": [0.54125, 0.58375, 0.6125, 0.56875, 0.6125, 0.595, 0.49625, 0.5375, 0.60375, 0.6025, 0.61, 0.58625, 0.56125, 0.58, 0.60375, 0.57125, 0.5675, 0.57625, 0.58625, 0.5925, 0.60625, 0.57625, 0.555, 0.60125, 0.57125, 0.58875, 0.5875, 0.59875, 0.59125, 0.59375, 0.56875, 0.545, 0.5925, 0.58375, 0.595, 0.5725, 0.59, 0.58625, 0.57, 0.6, 0.5725, 0.58875, 0.5875, 0.56, 0.57125, 0.575, 0.57, 0.58, 0.5775, 0.59, 0.58, 0.585, 0.5675, 0.575, 0.58875, 0.54375, 0.5425, 0.57875, 0.56125, 0.56625, 0.5425, 0.58375, 0.59125, 0.57875, 0.555, 0.57, 0.55625, 0.5375, 0.585, 0.58, 0.5825, 0.57375, 0.58, 0.58625, 0.5825, 0.57875, 0.57875, 0.57375, 0.57875, 0.57625, 0.5825, 0.57875, 0.5775, 0.5775, 0.575, 0.57625, 0.57625, 0.575, 0.57375, 0.57375, 0.56875, 0.56625, 0.57, 0.57, 0.57, 0.5675, 0.56875, 0.56875, 0.56625, 0.57]}